<?xml version="1.0" encoding="UTF-8"?>
<!DOCTYPE hibernate-reverse-engineering PUBLIC "-//Hibernate/Hibernate Reverse Engineering DTD 3.0//EN" "http://hibernate.org/dtd/hibernate-reverse-engineering-3.0.dtd" >

<hibernate-reverse-engineering>
  <table-filter match-catalog="hammer_price" match-name="address"/>
  <table-filter match-catalog="hammer_price" match-name="auction"/>
  <table-filter match-catalog="hammer_price" match-name="authority"/>
  <table-filter match-catalog="hammer_price" match-name="bid"/>
  <table-filter match-catalog="hammer_price" match-name="service_category"/>
  <table-filter match-catalog="hammer_price" match-name="service_consumer"/>
  <table-filter match-catalog="hammer_price" match-name="service_provider"/>
  <table-filter match-catalog="hammer_price" match-name="user"/>
  <table-filter match-catalog="hammer_price" match-name="user_details"/>
</hibernate-reverse-engineering>