<?xml version="1.0" encoding="UTF-8" standalone="no"?>
<!-- Generated 27-Apr-2022, 5:29:00 pm by Hibernate Tools 5.4.27.Final --><!DOCTYPE hibernate-mapping PUBLIC "-//Hibernate/Hibernate Mapping DTD 3.0//EN" "http://www.hibernate.org/dtd/hibernate-mapping-3.0.dtd">
<hibernate-mapping auto-import="true" default-access="property" default-cascade="none" default-lazy="true">
    <class catalog="hammer_price" dynamic-insert="false" dynamic-update="false" mutable="true" name="com.webservice.hammerprice.hibernate.Address" optimistic-lock="version" polymorphism="implicit" select-before-update="false" table="address">
        <id name="userDetailsUserId" type="long">
            <column name="user_details_user_id"/>
            <generator class="foreign">
                <param name="property">userDetails</param>
            </generator>
        </id>
        <property generated="never" lazy="false" name="address" optimistic-lock="true" type="string" unique="false">
            <column length="256" name="address" not-null="true"/>
        </property>
        <property generated="never" lazy="false" name="city" optimistic-lock="true" type="string" unique="false">
            <column length="24" name="city" not-null="true"/>
        </property>
        <property generated="never" lazy="false" name="state" optimistic-lock="true" type="string" unique="false">
            <column length="2" name="state" not-null="true"/>
        </property>
        <property generated="never" lazy="false" name="pincode" optimistic-lock="true" type="string" unique="false">
            <column length="6" name="pincode" not-null="true"/>
        </property>
    </class>
</hibernate-mapping>
