<?xml version="1.0" encoding="UTF-8" standalone="no"?>
<!-- Generated 27-Apr-2022, 5:29:00 pm by Hibernate Tools 5.4.27.Final --><!DOCTYPE hibernate-mapping PUBLIC "-//Hibernate/Hibernate Mapping DTD 3.0//EN" "http://www.hibernate.org/dtd/hibernate-mapping-3.0.dtd">
<hibernate-mapping auto-import="true" default-access="property" default-cascade="none" default-lazy="true">
    <class catalog="hammer_price" dynamic-insert="false" dynamic-update="false" mutable="true" name="com.webservice.hammerprice.hibernate.Auction" optimistic-lock="version" polymorphism="implicit" select-before-update="false" table="auction">
        <id name="id" type="long">
            <column name="id"/>
            <generator class="assigned"/>
        </id>
        <many-to-one class="com.webservice.hammerprice.hibernate.ServiceConsumer" embed-xml="true" fetch="select" insert="true" name="serviceConsumer" not-found="exception" optimistic-lock="true" unique="false" update="true">
            <column name="service_consumer_id" not-null="true"/>
        </many-to-one>
        <many-to-one class="com.webservice.hammerprice.hibernate.ServiceProvider" embed-xml="true" fetch="select" insert="true" name="serviceProvider" not-found="exception" optimistic-lock="true" unique="false" update="true">
            <column name="winner_service_provider_id" not-null="true"/>
        </many-to-one>
        <property generated="never" lazy="false" name="description" optimistic-lock="true" type="string" unique="false">
            <column length="1200" name="description" not-null="true"/>
        </property>
        <property generated="never" lazy="false" name="budget" optimistic-lock="true" type="double" unique="false">
            <column name="budget" not-null="true" precision="22" scale="0"/>
        </property>
        <property generated="never" lazy="false" name="requirements" optimistic-lock="true" type="string" unique="false">
            <column length="4000" name="requirements"/>
        </property>
        <property generated="never" lazy="false" name="timeStamp" optimistic-lock="true" type="timestamp" unique="false">
            <column length="19" name="time_stamp" not-null="true"/>
        </property>
        <set embed-xml="true" fetch="select" inverse="true" lazy="true" mutable="true" name="bids" optimistic-lock="true" sort="unsorted" table="bid">
            <key on-delete="noaction">
                <column name="auction_id" not-null="true"/>
            </key>
            <one-to-many class="com.webservice.hammerprice.hibernate.Bid" embed-xml="true" not-found="exception"/>
        </set>
    </class>
</hibernate-mapping>
