<?xml version="1.0" encoding="UTF-8" standalone="no"?>
<!-- Generated 27-Apr-2022, 5:29:00 pm by Hibernate Tools 5.4.27.Final --><!DOCTYPE hibernate-mapping PUBLIC "-//Hibernate/Hibernate Mapping DTD 3.0//EN" "http://www.hibernate.org/dtd/hibernate-mapping-3.0.dtd">
<hibernate-mapping auto-import="true" default-access="property" default-cascade="none" default-lazy="true">
    <class catalog="hammer_price" dynamic-insert="false" dynamic-update="false" mutable="true" name="com.webservice.hammerprice.hibernate.Authority" optimistic-lock="version" polymorphism="implicit" select-before-update="false" table="authority">
        <id name="id" type="long">
            <column name="id"/>
            <generator class="assigned"/>
        </id>
        <many-to-one class="com.webservice.hammerprice.hibernate.User" embed-xml="true" fetch="select" insert="true" name="user" not-found="exception" optimistic-lock="true" unique="false" update="true">
            <column name="user_id" not-null="true"/>
        </many-to-one>
        <property generated="never" lazy="false" name="role" optimistic-lock="true" type="string" unique="false">
            <column length="4" name="role" not-null="true"/>
        </property>
    </class>
</hibernate-mapping>
