<?xml version="1.0" encoding="UTF-8" standalone="no"?>
<!-- Generated 27-Apr-2022, 5:29:00 pm by Hibernate Tools 5.4.27.Final --><!DOCTYPE hibernate-mapping PUBLIC "-//Hibernate/Hibernate Mapping DTD 3.0//EN" "http://www.hibernate.org/dtd/hibernate-mapping-3.0.dtd">
<hibernate-mapping auto-import="true" default-access="property" default-cascade="none" default-lazy="true">
    <class catalog="hammer_price" dynamic-insert="false" dynamic-update="false" mutable="true" name="com.webservice.hammerprice.hibernate.Bid" optimistic-lock="version" polymorphism="implicit" select-before-update="false" table="bid">
        <id name="id" type="long">
            <column name="id"/>
            <generator class="assigned"/>
        </id>
        <many-to-one class="com.webservice.hammerprice.hibernate.ServiceProvider" embed-xml="true" fetch="select" insert="true" name="serviceProvider" not-found="exception" optimistic-lock="true" unique="false" update="true">
            <column name="service_provider_id" not-null="true"/>
        </many-to-one>
        <property generated="never" lazy="false" name="value" optimistic-lock="true" type="double" unique="false">
            <column name="value" not-null="true" precision="22" scale="0"/>
        </property>
        <property generated="never" lazy="false" name="timeStamp" optimistic-lock="true" type="timestamp" unique="false">
            <column length="19" name="time_stamp" not-null="true"/>
        </property>
    </class>
</hibernate-mapping>
