<?xml version="1.0" encoding="UTF-8" standalone="no"?>
<!-- Generated 27-Apr-2022, 5:29:00 pm by Hibernate Tools 5.4.27.Final --><!DOCTYPE hibernate-mapping PUBLIC "-//Hibernate/Hibernate Mapping DTD 3.0//EN" "http://www.hibernate.org/dtd/hibernate-mapping-3.0.dtd">
<hibernate-mapping auto-import="true" default-access="property" default-cascade="none" default-lazy="true">
    <class catalog="hammer_price" dynamic-insert="false" dynamic-update="false" mutable="true" name="com.webservice.hammerprice.hibernate.ServiceProvider" optimistic-lock="version" polymorphism="implicit" select-before-update="false" table="service_provider">
        <id name="id" type="long">
            <column name="id"/>
            <generator class="assigned"/>
        </id>
        <many-to-one class="com.webservice.hammerprice.hibernate.ServiceCategory" embed-xml="true" fetch="select" insert="true" name="serviceCategory" not-found="exception" optimistic-lock="true" unique="false" update="true">
            <column name="service_category_id" not-null="true"/>
        </many-to-one>
        <many-to-one class="com.webservice.hammerprice.hibernate.UserDetails" embed-xml="true" fetch="select" insert="true" name="userDetails" not-found="exception" optimistic-lock="true" unique="false" update="true">
            <column name="user_details_user_id" not-null="true"/>
        </many-to-one>
        <set embed-xml="true" fetch="select" inverse="true" lazy="true" mutable="true" name="auctions" optimistic-lock="true" sort="unsorted" table="auction">
            <key on-delete="noaction">
                <column name="winner_service_provider_id" not-null="true"/>
            </key>
            <one-to-many class="com.webservice.hammerprice.hibernate.Auction" embed-xml="true" not-found="exception"/>
        </set>
    </class>
</hibernate-mapping>
