<?xml version="1.0" encoding="UTF-8" standalone="no"?>
<!-- Generated 27-Apr-2022, 5:29:00 pm by Hibernate Tools 5.4.27.Final --><!DOCTYPE hibernate-mapping PUBLIC "-//Hibernate/Hibernate Mapping DTD 3.0//EN" "http://www.hibernate.org/dtd/hibernate-mapping-3.0.dtd">
<hibernate-mapping auto-import="true" default-access="property" default-cascade="none" default-lazy="true">
    <class catalog="hammer_price" dynamic-insert="false" dynamic-update="false" mutable="true" name="com.webservice.hammerprice.hibernate.User" optimistic-lock="version" polymorphism="implicit" select-before-update="false" table="user">
        <id name="id" type="long">
            <column name="id"/>
            <generator class="assigned"/>
        </id>
        <property generated="never" lazy="false" name="userName" optimistic-lock="true" type="string" unique="false">
            <column length="64" name="user_name" not-null="true" unique="true"/>
        </property>
        <property generated="never" lazy="false" name="password" optimistic-lock="true" type="string" unique="false">
            <column length="16" name="password" not-null="true"/>
        </property>
        <property generated="never" lazy="false" name="enabled" optimistic-lock="true" type="byte" unique="false">
            <column name="enabled" not-null="true"/>
        </property>
        <one-to-one class="com.webservice.hammerprice.hibernate.UserDetails" constrained="false" embed-xml="true" name="userDetails"/>
    </class>
</hibernate-mapping>
