<?xml version="1.0" encoding="UTF-8" standalone="no"?>
<!-- Generated 27-Apr-2022, 5:29:00 pm by Hibernate Tools 5.4.27.Final --><!DOCTYPE hibernate-mapping PUBLIC "-//Hibernate/Hibernate Mapping DTD 3.0//EN" "http://www.hibernate.org/dtd/hibernate-mapping-3.0.dtd">
<hibernate-mapping auto-import="true" default-access="property" default-cascade="none" default-lazy="true">
    <class catalog="hammer_price" dynamic-insert="false" dynamic-update="false" mutable="true" name="com.webservice.hammerprice.hibernate.UserDetails" optimistic-lock="version" polymorphism="implicit" select-before-update="false" table="user_details">
        <id name="userId" type="long">
            <column name="user_id"/>
            <generator class="foreign">
                <param name="property">user</param>
            </generator>
        </id>
        <one-to-one class="com.webservice.hammerprice.hibernate.User" constrained="true" embed-xml="true" name="user"/>
        <property generated="never" lazy="false" name="mobileNumber" optimistic-lock="true" type="string" unique="false">
            <column length="10" name="mobile_number" not-null="true" unique="true"/>
        </property>
        <property generated="never" lazy="false" name="email" optimistic-lock="true" type="string" unique="false">
            <column length="256" name="email" not-null="true" unique="true"/>
        </property>
        <property generated="never" lazy="false" name="name" optimistic-lock="true" type="string" unique="false">
            <column length="64" name="name" not-null="true"/>
        </property>
        <property generated="never" lazy="false" name="gender" optimistic-lock="true" type="java.lang.Character" unique="false">
            <column length="1" name="gender"/>
        </property>
        <property generated="never" lazy="false" name="dob" optimistic-lock="true" type="date" unique="false">
            <column length="10" name="dob"/>
        </property>
        <property generated="never" lazy="false" name="imageUrl" optimistic-lock="true" type="string" unique="false">
            <column length="128" name="image_url"/>
        </property>
        <property generated="never" lazy="false" name="aadharNumber" optimistic-lock="true" type="string" unique="false">
            <column length="12" name="aadhar_number" unique="true"/>
        </property>
        <property generated="never" lazy="false" name="panNumber" optimistic-lock="true" type="string" unique="false">
            <column length="10" name="pan_number" unique="true"/>
        </property>
        <property generated="never" lazy="false" name="creationTimeStamp" optimistic-lock="true" type="timestamp" unique="false">
            <column length="19" name="creation_time_stamp" not-null="true"/>
        </property>
        <one-to-one class="com.webservice.hammerprice.hibernate.Address" constrained="false" embed-xml="true" name="address"/>
    </class>
</hibernate-mapping>
